<?xml version="1.0" encoding="UTF-8"?>
<project-private xmlns="http://www.netbeans.org/ns/project-private/1">
    <editor-bookmarks xmlns="http://www.netbeans.org/ns/editor-bookmarks/2" lastBookmarkId="0"/>
    <open-files xmlns="http://www.netbeans.org/ns/projectui-open-files/2">
        <group>
            <file>file:/D:/vivek/EmployeeMonitoringSystem/src/client.java</file>
            <file>file:/D:/vivek/EmployeeMonitoringSystem/src/vmm/SimpleMailDemo.java</file>
            <file>file:/D:/vivek/EmployeeMonitoringSystem/src/addButton.java</file>
            <file>file:/D:/vivek/EmployeeMonitoringSystem/src/adminlogin.java</file>
            <file>file:/D:/vivek/EmployeeMonitoringSystem/src/changepass/changepass.java</file>
            <file>file:/D:/vivek/EmployeeMonitoringSystem/src/Adminhome.java</file>
            <file>file:/D:/vivek/EmployeeMonitoringSystem/src/clientHome.java</file>
            <file>file:/D:/vivek/EmployeeMonitoringSystem/src/viewlog.java</file>
            <file>file:/D:/vivek/EmployeeMonitoringSystem/src/SplashScreenDemo.java</file>
            <file>file:/D:/vivek/EmployeeMonitoringSystem/src/EmployeeForm.java</file>
            <file>file:/D:/vivek/EmployeeMonitoringSystem/src/ViewEmployee.java</file>
            <file>file:/D:/vivek/EmployeeMonitoringSystem/src/chatroom.java</file>
        </group>
    </open-files>
</project-private>
